date,object_id,category,category_ru,score,status,confidence,action,readings,alarms,readings_7d,alarms_7d,numeric_mean,numeric_max
2026-06-30,5578,power,Электропитание,,Активный сигнал,достаточное покрытие,"Проверить питание и резервный источник, оформить осмотр.",260,108,418.0,120.0,,
2026-06-30,5678,power,Электропитание,,Активный сигнал,мало данных,"Проверить питание и резервный источник, оформить осмотр.",4,2,6.0,3.0,,
2026-06-30,5578,utilities,Инженерные системы,,Активный сигнал,достаточное покрытие,Проверить инженерные подсистемы объекта.,124,32,250.0,32.0,,
2026-06-30,5579,access,Доступ,,Активный сигнал,мало данных,"Сверить режим охраны и доступ по СКУД, проверить соседние датчики и камеры.",32,16,32.0,16.0,,
2026-06-30,5677,fire,Пожарная охрана,,Активный сигнал,мало данных,"Проверить дымовые и тепловые каналы, связаться с объектом; при подтверждении действовать по регламенту пожарной безопасности.",24,12,60.0,30.0,,
2026-06-30,4391,access,Доступ,,Активный сигнал,достаточное покрытие,"Сверить режим охраны и доступ по СКУД, проверить соседние датчики и камеры.",396,17,2004.0,69.0,,
2026-06-30,28,access,Доступ,,Активный сигнал,достаточное покрытие,"Сверить режим охраны и доступ по СКУД, проверить соседние датчики и камеры.",98,16,770.0,27.0,,
2026-06-30,5332,access,Доступ,,Активный сигнал,достаточное покрытие,"Сверить режим охраны и доступ по СКУД, проверить соседние датчики и камеры.",468,36,1223.0,63.0,,
2026-06-30,5578,pump,Насосы,,Активный сигнал,достаточное покрытие,Проверить режим насосов и показания затопления.,28,18,82.0,42.0,,
2026-06-30,4370,access,Доступ,,Активный сигнал,достаточное покрытие,"Сверить режим охраны и доступ по СКУД, проверить соседние датчики и камеры.",57,1,227.0,29.0,,
2026-06-30,5578,ventilation,Вентиляция,,Активный сигнал,достаточное покрытие,Проверить работу вентиляции и питание.,74,21,158.0,21.0,,
2026-06-30,5579,power,Электропитание,,Активный сигнал,мало данных,"Проверить питание и резервный источник, оформить осмотр.",24,12,24.0,12.0,,
2026-06-30,5113,access,Доступ,,Активный сигнал,достаточное покрытие,"Сверить режим охраны и доступ по СКУД, проверить соседние датчики и камеры.",182,4,370.0,6.0,,
2026-06-30,3215,access,Доступ,,Активный сигнал,достаточное покрытие,"Сверить режим охраны и доступ по СКУД, проверить соседние датчики и камеры.",2984,28,13470.0,93.0,,
2026-06-30,5338,access,Доступ,,Активный сигнал,достаточное покрытие,"Сверить режим охраны и доступ по СКУД, проверить соседние датчики и камеры.",28,12,68.0,32.0,,
2026-06-30,5003,power,Электропитание,,Активный сигнал,достаточное покрытие,"Проверить питание и резервный источник, оформить осмотр.",232,5,1489.0,13.0,,
2026-06-30,3902,access,Доступ,,Активный сигнал,достаточное покрытие,"Сверить режим охраны и доступ по СКУД, проверить соседние датчики и камеры.",3148,6,17510.0,12.0,,
2026-06-30,3388,pump,Насосы,,Активный сигнал,достаточное покрытие,Проверить режим насосов и показания затопления.,38,18,62.0,18.0,,
2026-06-30,5132,access,Доступ,,Активный сигнал,достаточное покрытие,"Сверить режим охраны и доступ по СКУД, проверить соседние датчики и камеры.",94,5,440.0,5.0,,
2026-06-30,5132,fire,Пожарная охрана,,Активный сигнал,мало данных,"Проверить дымовые и тепловые каналы, связаться с объектом; при подтверждении действовать по регламенту пожарной безопасности.",18,9,18.0,9.0,,
2026-06-30,5339,access,Доступ,,Активный сигнал,достаточное покрытие,"Сверить режим охраны и доступ по СКУД, проверить соседние датчики и камеры.",558,4,5910.0,5.0,,
2026-06-30,4770,power,Электропитание,,Активный сигнал,мало данных,"Проверить питание и резервный источник, оформить осмотр.",4,2,4.0,2.0,,
2026-06-30,5675,pump,Насосы,,Активный сигнал,достаточное покрытие,Проверить режим насосов и показания затопления.,92,16,136.0,24.0,,
2026-06-30,5336,fire,Пожарная охрана,,Активный сигнал,мало данных,"Проверить дымовые и тепловые каналы, связаться с объектом; при подтверждении действовать по регламенту пожарной безопасности.",30,13,30.0,13.0,,
2026-06-30,5011,pump,Насосы,,Активный сигнал,достаточное покрытие,Проверить режим насосов и показания затопления.,18,1,148.0,1.0,,
2026-06-30,5962,fire,Пожарная охрана,,Активный сигнал,достаточное покрытие,"Проверить дымовые и тепловые каналы, связаться с объектом; при подтверждении действовать по регламенту пожарной безопасности.",214,106,521.0,263.0,,
2026-06-30,3356,access,Доступ,,Активный сигнал,достаточное покрытие,"Сверить режим охраны и доступ по СКУД, проверить соседние датчики и камеры.",110,28,2022.0,53.0,,
2026-06-30,5333,ventilation,Вентиляция,,Активный сигнал,мало данных,Проверить работу вентиляции и питание.,142,46,238.0,48.0,,
2026-06-30,5009,power,Электропитание,,Активный сигнал,мало данных,"Проверить питание и резервный источник, оформить осмотр.",6,3,22.0,4.0,,
2026-06-30,5003,ventilation,Вентиляция,,Активный сигнал,достаточное покрытие,Проверить работу вентиляции и питание.,80,8,359.0,20.0,,
2026-06-30,3250,power,Электропитание,,Активный сигнал,мало данных,"Проверить питание и резервный источник, оформить осмотр.",2,1,6.0,2.0,,
2026-06-30,5333,pump,Насосы,,Активный сигнал,достаточное покрытие,Проверить режим насосов и показания затопления.,118,46,276.0,46.0,,
2026-06-30,3360,pump,Насосы,,Активный сигнал,достаточное покрытие,Проверить режим насосов и показания затопления.,74,20,373.0,34.0,,
2026-06-30,3360,ventilation,Вентиляция,,Активный сигнал,достаточное покрытие,Проверить работу вентиляции и питание.,8,4,98.0,4.0,,
2026-06-30,3216,access,Доступ,,Активный сигнал,достаточное покрытие,"Сверить режим охраны и доступ по СКУД, проверить соседние датчики и камеры.",3866,2,19240.0,13.0,,
2026-06-30,5336,access,Доступ,,Активный сигнал,достаточное покрытие,"Сверить режим охраны и доступ по СКУД, проверить соседние датчики и камеры.",2854,1,9216.0,1.0,,
2026-06-30,5332,thermal,Температура,,Активный сигнал,достаточное покрытие,Проверить тренд температуры и соседние каналы.,154,29,206.0,32.0,9.857142857142858,18.0
2026-06-30,5582,access,Доступ,,Активный сигнал,достаточное покрытие,"Сверить режим охраны и доступ по СКУД, проверить соседние датчики и камеры.",8,2,36.0,6.0,,
2026-06-30,5581,fire,Пожарная охрана,,Активный сигнал,мало данных,"Проверить дымовые и тепловые каналы, связаться с объектом; при подтверждении действовать по регламенту пожарной безопасности.",1394,629,1394.0,629.0,,
2026-06-30,5580,thermal,Температура,,Активный сигнал,достаточное покрытие,Проверить тренд температуры и соседние каналы.,111,37,258.0,37.0,24.027027027027028,30.0
2026-06-30,5580,flood,Подтопление,,Активный сигнал,мало данных,"Проверить датчик затопления и насосы, оценить объект на месте.",4,2,4.0,2.0,,
2026-06-30,5580,access,Доступ,,Активный сигнал,достаточное покрытие,"Сверить режим охраны и доступ по СКУД, проверить соседние датчики и камеры.",510,135,2204.0,153.0,,
2026-06-30,5676,access,Доступ,,Активный сигнал,достаточное покрытие,"Сверить режим охраны и доступ по СКУД, проверить соседние датчики и камеры.",198,14,420.0,17.0,,
2026-06-30,5340,power,Электропитание,,Активный сигнал,мало данных,"Проверить питание и резервный источник, оформить осмотр.",2,1,4.0,1.0,,
2026-06-30,5594,thermal,Температура,,Активный сигнал,мало данных,Проверить тренд температуры и соседние каналы.,5,2,5.0,2.0,22.0,22.0
2026-06-30,5963,pump,Насосы,,Активный сигнал,достаточное покрытие,Проверить режим насосов и показания затопления.,524,2,3721.0,32.0,,
2026-06-30,3904,access,Доступ,,Активный сигнал,достаточное покрытие,"Сверить режим охраны и доступ по СКУД, проверить соседние датчики и камеры.",60,6,734.0,20.0,,
2026-06-30,5333,gas,Газовая охрана,,Активный сигнал,достаточное покрытие,Проверить газовые каналы и организовать контрольный замер по регламенту.,5503,1,44734.0,1.0,0.0579584775086505,0.37
2026-06-30,3905,access,Доступ,,Активный сигнал,достаточное покрытие,"Сверить режим охраны и доступ по СКУД, проверить соседние датчики и камеры.",30,4,410.0,30.0,,
2026-06-30,5129,access,Доступ,,Активный сигнал,достаточное покрытие,"Сверить режим охраны и доступ по СКУД, проверить соседние датчики и камеры.",100,1,416.0,4.0,,
2026-06-30,5132,thermal,Температура,,Активный сигнал,мало данных,Проверить тренд температуры и соседние каналы.,4,2,4.0,2.0,,
2026-06-30,5343,access,Доступ,,Активный сигнал,достаточное покрытие,"Сверить режим охраны и доступ по СКУД, проверить соседние датчики и камеры.",24,8,1263.0,631.0,,
2026-06-30,5591,pump,Насосы,,Активный сигнал,достаточное покрытие,Проверить режим насосов и показания затопления.,8,4,26.0,4.0,,
2026-06-30,5343,fire,Пожарная охрана,,Активный сигнал,достаточное покрытие,"Проверить дымовые и тепловые каналы, связаться с объектом; при подтверждении действовать по регламенту пожарной безопасности.",43,13,3890.0,551.0,,
2026-06-30,4095,access,Доступ,,Активный сигнал,мало данных,"Сверить режим охраны и доступ по СКУД, проверить соседние датчики и камеры.",52,2,124.0,6.0,,
2026-06-30,5122,pump,Насосы,,Активный сигнал,достаточное покрытие,Проверить режим насосов и показания затопления.,106,4,874.0,22.0,,
2026-06-30,5332,fire,Пожарная охрана,,Активный сигнал,достаточное покрытие,"Проверить дымовые и тепловые каналы, связаться с объектом; при подтверждении действовать по регламенту пожарной безопасности.",1494,349,4454.0,943.0,,
2026-06-30,4648,access,Доступ,1.0,Проверить,достаточное покрытие,"Сверить режим охраны и доступ по СКУД, проверить соседние датчики и камеры.",4,0,760.0,81.0,,
2026-06-30,42,access,Доступ,1.0,Проверить,достаточное покрытие,"Сверить режим охраны и доступ по СКУД, проверить соседние датчики и камеры.",4,0,1532.0,44.0,,
2026-06-30,3902,pump,Насосы,0.5,Проверить,достаточное покрытие,Проверить режим насосов и показания затопления.,2,0,125.0,56.0,,
2026-06-30,5961,access,Доступ,0.5,Проверить,достаточное покрытие,"Сверить режим охраны и доступ по СКУД, проверить соседние датчики и камеры.",26,0,150.0,2.0,,
2026-06-30,3356,fire,Пожарная охрана,0.4028,Проверить,достаточное покрытие,"Проверить дымовые и тепловые каналы, связаться с объектом; при подтверждении действовать по регламенту пожарной безопасности.",2842,0,25664.0,15.0,,
2026-06-30,5674,access,Доступ,0.4028,Проверить,достаточное покрытие,"Сверить режим охраны и доступ по СКУД, проверить соседние датчики и камеры.",934,0,7962.0,3.0,,
2026-06-30,4574,access,Доступ,0.4028,Проверить,достаточное покрытие,"Сверить режим охраны и доступ по СКУД, проверить соседние датчики и камеры.",1792,0,8772.0,2.0,,
2026-06-30,4610,ventilation,Вентиляция,0.1913,Проверить,достаточное покрытие,Проверить работу вентиляции и питание.,54,0,304.0,20.0,,
2026-06-30,5657,pump,Насосы,0.1913,Наблюдение,достаточное покрытие,Проверить режим насосов и показания затопления.,16,0,208.0,44.0,,
2026-06-30,5963,power,Электропитание,0.1913,Наблюдение,достаточное покрытие,"Проверить питание и резервный источник, оформить осмотр.",22,0,102.0,0.0,,
2026-06-30,5657,power,Электропитание,0.1913,Наблюдение,достаточное покрытие,"Проверить питание и резервный источник, оформить осмотр.",38,0,468.0,62.0,,
2026-06-30,5333,power,Электропитание,0.1913,Наблюдение,достаточное покрытие,"Проверить питание и резервный источник, оформить осмотр.",153,0,498.0,3.0,,
2026-06-30,3902,power,Электропитание,0.1913,Наблюдение,достаточное покрытие,"Проверить питание и резервный источник, оформить осмотр.",44,0,466.0,22.0,,
2026-06-30,5675,power,Электропитание,0.1913,Наблюдение,достаточное покрытие,"Проверить питание и резервный источник, оформить осмотр.",21,0,101.0,4.0,,
2026-06-30,5003,pump,Насосы,0.1913,Наблюдение,достаточное покрытие,Проверить режим насосов и показания затопления.,6,0,112.0,28.0,,
2026-06-30,5657,ventilation,Вентиляция,0.1913,Наблюдение,достаточное покрытие,Проверить работу вентиляции и питание.,48,0,412.0,34.0,,
2026-06-30,99,access,Доступ,0.1913,Наблюдение,достаточное покрытие,"Сверить режим охраны и доступ по СКУД, проверить соседние датчики и камеры.",3192,0,17902.0,2.0,,
2026-06-30,5963,ventilation,Вентиляция,0.1913,Наблюдение,достаточное покрытие,Проверить работу вентиляции и питание.,44,0,1964.0,0.0,,
2026-06-30,5675,ventilation,Вентиляция,0.1913,Наблюдение,достаточное покрытие,Проверить работу вентиляции и питание.,54,0,406.0,8.0,,
2026-06-30,4610,power,Электропитание,0.1913,Наблюдение,достаточное покрытие,"Проверить питание и резервный источник, оформить осмотр.",64,0,220.0,10.0,,
2026-06-30,5011,power,Электропитание,0.1824,Наблюдение,достаточное покрытие,"Проверить питание и резервный источник, оформить осмотр.",72,0,406.0,18.0,,
2026-06-30,5011,ventilation,Вентиляция,0.1824,Наблюдение,достаточное покрытие,Проверить работу вентиляции и питание.,42,0,368.0,40.0,,
2026-06-30,4610,pump,Насосы,0.1824,Наблюдение,достаточное покрытие,Проверить режим насосов и показания затопления.,4,0,58.0,10.0,,
2026-06-30,5218,power,Электропитание,0.1538,Наблюдение,достаточное покрытие,"Проверить питание и резервный источник, оформить осмотр.",14,0,122.0,1.0,,
2026-06-30,4392,access,Доступ,0.1538,Наблюдение,достаточное покрытие,"Сверить режим охраны и доступ по СКУД, проверить соседние датчики и камеры.",5140,0,23188.0,1.0,,
2026-06-30,4543,pump,Насосы,0.1538,Наблюдение,достаточное покрытие,Проверить режим насосов и показания затопления.,2,0,20.0,0.0,,
2026-06-30,3356,thermal,Температура,0.1048,Наблюдение,достаточное покрытие,Проверить тренд температуры и соседние каналы.,42,0,702.0,16.0,16.904761904761905,27.0
2026-06-30,3360,power,Электропитание,0.1048,Наблюдение,достаточное покрытие,"Проверить питание и резервный источник, оформить осмотр.",32,0,188.0,0.0,,
2026-06-30,4369,pump,Насосы,0.1048,Наблюдение,достаточное покрытие,Проверить режим насосов и показания затопления.,4,0,40.0,0.0,,
2026-06-30,4177,access,Доступ,0.1048,Наблюдение,достаточное покрытие,"Сверить режим охраны и доступ по СКУД, проверить соседние датчики и камеры.",124,0,1164.0,0.0,,
2026-06-30,5132,power,Электропитание,0.1048,Наблюдение,достаточное покрытие,"Проверить питание и резервный источник, оформить осмотр.",18,0,54.0,0.0,,
2026-06-30,108,access,Доступ,0.0769,Наблюдение,достаточное покрытие,"Сверить режим охраны и доступ по СКУД, проверить соседние датчики и камеры.",44,0,274.0,0.0,,
2026-06-30,5124,access,Доступ,0.0315,Наблюдение,достаточное покрытие,"Сверить режим охраны и доступ по СКУД, проверить соседние датчики и камеры.",1122,0,3932.0,0.0,,
2026-06-30,5132,ventilation,Вентиляция,0.0315,Наблюдение,достаточное покрытие,Проверить работу вентиляции и питание.,12,0,60.0,0.0,,
2026-06-30,5657,gas,Газовая охрана,0.0315,Наблюдение,достаточное покрытие,Проверить газовые каналы и организовать контрольный замер по регламенту.,7912,0,56855.0,0.0,0.0052578361981799,0.04
2026-06-30,5343,thermal,Температура,0.0315,Наблюдение,достаточное покрытие,Проверить тренд температуры и соседние каналы.,20,0,73.0,2.0,15.61111111111111,19.0
2026-06-30,5123,access,Доступ,0.0315,Наблюдение,достаточное покрытие,"Сверить режим охраны и доступ по СКУД, проверить соседние датчики и камеры.",1612,0,10482.0,0.0,,
2026-06-30,5003,gas,Газовая охрана,0.0236,Наблюдение,достаточное покрытие,Проверить газовые каналы и организовать контрольный замер по регламенту.,288,0,2048.0,0.0,,
2026-06-30,3902,gas,Газовая охрана,0.0236,Наблюдение,достаточное покрытие,Проверить газовые каналы и организовать контрольный замер по регламенту.,3048,0,18202.0,3.0,0.0318438320209973,0.12
2026-06-30,5675,gas,Газовая охрана,0.0236,Наблюдение,достаточное покрытие,Проверить газовые каналы и организовать контрольный замер по регламенту.,5224,0,49923.0,0.0,0.0740179938744257,0.22
2026-06-30,4610,gas,Газовая охрана,0.0236,Наблюдение,достаточное покрытие,Проверить газовые каналы и организовать контрольный замер по регламенту.,5943,0,29921.0,0.0,0.0713276123170116,0.15
2026-06-30,5122,gas,Газовая охрана,0.0135,Наблюдение,достаточное покрытие,Проверить газовые каналы и организовать контрольный замер по регламенту.,113252,0,774964.0,0.0,0.0059781725709038,0.17
2026-06-30,3360,gas,Газовая охрана,0.0058,Наблюдение,достаточное покрытие,Проверить газовые каналы и организовать контрольный замер по регламенту.,4587,0,28913.0,0.0,0.0750359712230215,0.13
2026-06-30,4370,thermal,Температура,0.0039,Наблюдение,достаточное покрытие,Проверить тренд температуры и соседние каналы.,14,0,47.0,0.0,19.285714285714285,24.0
2026-06-30,28,thermal,Температура,0.0039,Наблюдение,достаточное покрытие,Проверить тренд температуры и соседние каналы.,31,0,287.0,0.0,26.41935483870968,31.0
2026-06-30,5578,gas,Газовая охрана,0.0039,Наблюдение,достаточное покрытие,Проверить газовые каналы и организовать контрольный замер по регламенту.,7132,0,54254.0,0.0,0.0308342680874929,0.21
2026-06-30,4543,gas,Газовая охрана,0.0039,Наблюдение,достаточное покрытие,Проверить газовые каналы и организовать контрольный замер по регламенту.,317,0,2009.0,0.0,0.0068138801261829,0.03
2026-06-30,4391,thermal,Температура,0.0039,Наблюдение,достаточное покрытие,Проверить тренд температуры и соседние каналы.,31,0,104.0,0.0,16.322580645161292,20.0
2026-06-30,4369,ventilation,Вентиляция,0.0039,Наблюдение,достаточное покрытие,Проверить работу вентиляции и питание.,46,0,326.0,0.0,,
2026-06-30,3388,ventilation,Вентиляция,0.0039,Наблюдение,достаточное покрытие,Проверить работу вентиляции и питание.,66,0,304.0,0.0,,
2026-06-30,20,thermal,Температура,0.0039,Наблюдение,достаточное покрытие,Проверить тренд температуры и соседние каналы.,4,0,198.0,0.0,23.0,28.0
2026-06-30,5113,thermal,Температура,0.0039,Наблюдение,достаточное покрытие,Проверить тренд температуры и соседние каналы.,33,0,134.0,0.0,18.666666666666668,26.0
2026-06-30,5961,thermal,Температура,0.0039,Наблюдение,достаточное покрытие,Проверить тренд температуры и соседние каналы.,8,0,52.0,0.0,15.75,18.0
2026-06-30,3215,thermal,Температура,0.0039,Наблюдение,достаточное покрытие,Проверить тренд температуры и соседние каналы.,9,0,63.0,0.0,19.444444444444443,21.0
2026-06-30,5129,thermal,Температура,0.0039,Наблюдение,достаточное покрытие,Проверить тренд температуры и соседние каналы.,5,0,41.0,0.0,24.2,27.0
2026-06-30,5132,utilities,Инженерные системы,0.0039,Наблюдение,достаточное покрытие,Проверить инженерные подсистемы объекта.,18,0,84.0,0.0,,
2026-06-30,5963,utilities,Инженерные системы,0.0039,Наблюдение,достаточное покрытие,Проверить инженерные подсистемы объекта.,52,0,322.0,0.0,,
2026-06-30,4369,gas,Газовая охрана,0.0039,Наблюдение,достаточное покрытие,Проверить газовые каналы и организовать контрольный замер по регламенту.,3050,0,19246.0,0.0,0.0416098360655737,0.11
2026-06-30,5122,ventilation,Вентиляция,0.0039,Наблюдение,достаточное покрытие,Проверить работу вентиляции и питание.,46,0,276.0,0.0,,
2026-06-30,4369,power,Электропитание,0.0039,Наблюдение,достаточное покрытие,"Проверить питание и резервный источник, оформить осмотр.",72,0,158.0,0.0,,
2026-06-30,5676,thermal,Температура,0.0039,Наблюдение,достаточное покрытие,Проверить тренд температуры и соседние каналы.,88,0,430.0,0.0,22.34090909090909,31.0
2026-06-30,42,thermal,Температура,0.0039,Наблюдение,достаточное покрытие,Проверить тренд температуры и соседние каналы.,35,0,281.0,0.0,25.17142857142857,32.0
2026-06-30,5122,power,Электропитание,0.0039,Наблюдение,достаточное покрытие,"Проверить питание и резервный источник, оформить осмотр.",48,0,150.0,0.0,,
2026-06-30,3904,thermal,Температура,0.0039,Наблюдение,достаточное покрытие,Проверить тренд температуры и соседние каналы.,4,0,22.0,0.0,26.75,28.0
2026-06-30,3905,thermal,Температура,0.0039,Наблюдение,достаточное покрытие,Проверить тренд температуры и соседние каналы.,2,0,27.0,0.0,25.5,29.0
2026-06-30,3388,power,Электропитание,0.0039,Наблюдение,достаточное покрытие,"Проверить питание и резервный источник, оформить осмотр.",56,0,176.0,0.0,,
2026-06-30,5333,utilities,Инженерные системы,0.0,Наблюдение,достаточное покрытие,Проверить инженерные подсистемы объекта.,86,0,316.0,0.0,,
2026-06-30,3388,utilities,Инженерные системы,0.0,Наблюдение,достаточное покрытие,Проверить инженерные подсистемы объекта.,120,0,430.0,0.0,,
2026-06-30,5011,utilities,Инженерные системы,0.0,Наблюдение,достаточное покрытие,Проверить инженерные подсистемы объекта.,80,0,424.0,0.0,,
2026-06-30,5003,utilities,Инженерные системы,0.0,Наблюдение,достаточное покрытие,Проверить инженерные подсистемы объекта.,94,0,394.0,0.0,,
2026-06-30,5218,utilities,Инженерные системы,0.0,Наблюдение,достаточное покрытие,Проверить инженерные подсистемы объекта.,10,0,88.0,0.0,,
2026-06-30,3360,utilities,Инженерные системы,0.0,Наблюдение,достаточное покрытие,Проверить инженерные подсистемы объекта.,14,0,150.0,0.0,,
2026-06-30,5657,utilities,Инженерные системы,0.0,Наблюдение,достаточное покрытие,Проверить инженерные подсистемы объекта.,64,0,366.0,0.0,,
2026-06-30,3902,utilities,Инженерные системы,0.0,Наблюдение,достаточное покрытие,Проверить инженерные подсистемы объекта.,36,0,332.0,0.0,,
2026-06-30,5675,utilities,Инженерные системы,0.0,Наблюдение,достаточное покрытие,Проверить инженерные подсистемы объекта.,67,0,459.0,0.0,,
2026-06-30,5122,utilities,Инженерные системы,0.0,Наблюдение,достаточное покрытие,Проверить инженерные подсистемы объекта.,50,0,324.0,0.0,,
2026-06-30,4369,utilities,Инженерные системы,0.0,Наблюдение,достаточное покрытие,Проверить инженерные подсистемы объекта.,74,0,400.0,0.0,,
2026-06-30,4610,utilities,Инженерные системы,0.0,Наблюдение,достаточное покрытие,Проверить инженерные подсистемы объекта.,74,0,318.0,0.0,,
2026-06-30,5124,thermal,Температура,,Мало данных,мало данных,Проверить тренд температуры и соседние каналы.,3,0,25.0,0.0,23.33333333333333,25.0
2026-06-30,3902,fire,Пожарная охрана,,Мало данных,мало данных,"Проверить дымовые и тепловые каналы, связаться с объектом; при подтверждении действовать по регламенту пожарной безопасности.",6,0,157.0,0.0,,
2026-06-30,4770,access,Доступ,,Мало данных,мало данных,"Сверить режим охраны и доступ по СКУД, проверить соседние датчики и камеры.",6,0,6.0,0.0,,
2026-06-30,165,thermal,Температура,,Мало данных,мало данных,Проверить тренд температуры и соседние каналы.,1,0,5.0,0.0,22.0,22.0
2026-06-30,5339,thermal,Температура,,Мало данных,мало данных,Проверить тренд температуры и соседние каналы.,1,0,3.0,0.0,22.0,22.0
2026-06-30,4177,power,Электропитание,,Мало данных,мало данных,"Проверить питание и резервный источник, оформить осмотр.",12,0,36.0,0.0,,
2026-06-30,99,thermal,Температура,,Мало данных,мало данных,Проверить тренд температуры и соседние каналы.,1,0,2.0,0.0,25.0,25.0
2026-06-30,4177,utilities,Инженерные системы,,Мало данных,мало данных,Проверить инженерные подсистемы объекта.,4,0,12.0,0.0,,
2026-06-30,4543,utilities,Инженерные системы,,Мало данных,мало данных,Проверить инженерные подсистемы объекта.,4,0,12.0,0.0,,
2026-06-30,4543,power,Электропитание,,Мало данных,мало данных,"Проверить питание и резервный источник, оформить осмотр.",8,0,24.0,0.0,,
2026-06-30,4095,thermal,Температура,,Мало данных,мало данных,Проверить тренд температуры и соседние каналы.,5,0,8.0,0.0,17.6,19.0
2026-06-30,5594,access,Доступ,,Мало данных,мало данных,"Сверить режим охраны и доступ по СКУД, проверить соседние датчики и камеры.",24,0,44.0,0.0,,
2026-06-30,5591,utilities,Инженерные системы,,Мало данных,мало данных,Проверить инженерные подсистемы объекта.,3,0,3.0,0.0,,
2026-06-30,5591,power,Электропитание,,Мало данных,мало данных,"Проверить питание и резервный источник, оформить осмотр.",6,0,8.0,0.0,,
2026-06-30,4069,access,Доступ,,Мало данных,мало данных,"Сверить режим охраны и доступ по СКУД, проверить соседние датчики и камеры.",34,0,260.0,20.0,,
2026-06-30,4069,thermal,Температура,,Мало данных,мало данных,Проверить тренд температуры и соседние каналы.,1,0,3.0,0.0,21.0,21.0
2025-03-04,5218,gas,Газовая охрана,,Нет свежих данных,нет свежих данных,Проверить газовые каналы и организовать контрольный замер по регламенту.,2,1,18.0,6.0,,
2026-03-26,5132,gas,Газовая охрана,,Нет свежих данных,нет свежих данных,Проверить газовые каналы и организовать контрольный замер по регламенту.,14,0,14.0,0.0,,
2026-05-07,108,fire,Пожарная охрана,,Нет свежих данных,нет свежих данных,"Проверить дымовые и тепловые каналы, связаться с объектом; при подтверждении действовать по регламенту пожарной безопасности.",20,8,20.0,8.0,,
2026-05-07,4569,access,Доступ,,Нет свежих данных,нет свежих данных,"Сверить режим охраны и доступ по СКУД, проверить соседние датчики и камеры.",22,6,22.0,6.0,,
2026-05-13,5129,fire,Пожарная охрана,,Нет свежих данных,нет свежих данных,"Проверить дымовые и тепловые каналы, связаться с объектом; при подтверждении действовать по регламенту пожарной безопасности.",177,83,177.0,83.0,,
2026-05-20,5113,flood,Подтопление,,Нет свежих данных,нет свежих данных,"Проверить датчик затопления и насосы, оценить объект на месте.",2,0,2.0,0.0,,
2026-05-20,3388,gas,Газовая охрана,,Нет свежих данных,нет свежих данных,Проверить газовые каналы и организовать контрольный замер по регламенту.,2,0,2.0,0.0,,
2026-05-21,4392,fire,Пожарная охрана,,Нет свежих данных,нет свежих данных,"Проверить дымовые и тепловые каналы, связаться с объектом; при подтверждении действовать по регламенту пожарной безопасности.",36,14,130.0,15.0,,
2026-05-24,4177,gas,Газовая охрана,,Нет свежих данных,нет свежих данных,Проверить газовые каналы и организовать контрольный замер по регламенту.,2,0,2.0,0.0,,
2026-05-24,4177,fire,Пожарная охрана,,Нет свежих данных,нет свежих данных,"Проверить дымовые и тепловые каналы, связаться с объектом; при подтверждении действовать по регламенту пожарной безопасности.",14,0,14.0,0.0,,
2026-05-24,4768,power,Электропитание,,Нет свежих данных,нет свежих данных,"Проверить питание и резервный источник, оформить осмотр.",4,0,4.0,0.0,,
2026-05-29,4069,fire,Пожарная охрана,,Нет свежих данных,нет свежих данных,"Проверить дымовые и тепловые каналы, связаться с объектом; при подтверждении действовать по регламенту пожарной безопасности.",2,0,18.0,0.0,,
2026-05-29,99,fire,Пожарная охрана,,Нет свежих данных,нет свежих данных,"Проверить дымовые и тепловые каналы, связаться с объектом; при подтверждении действовать по регламенту пожарной безопасности.",77,31,87.0,31.0,,
2026-05-31,5114,access,Доступ,,Нет свежих данных,нет свежих данных,"Сверить режим охраны и доступ по СКУД, проверить соседние датчики и камеры.",4,2,8.0,4.0,,
2026-06-02,111,pump,Насосы,,Нет свежих данных,нет свежих данных,Проверить режим насосов и показания затопления.,2,0,276.0,80.0,,
2026-06-02,111,gas,Газовая охрана,,Нет свежих данных,нет свежих данных,Проверить газовые каналы и организовать контрольный замер по регламенту.,2,0,742.0,96.0,,
2026-06-02,111,fire,Пожарная охрана,,Нет свежих данных,нет свежих данных,"Проверить дымовые и тепловые каналы, связаться с объектом; при подтверждении действовать по регламенту пожарной безопасности.",4,0,12.0,0.0,,
2026-06-02,20,fire,Пожарная охрана,,Нет свежих данных,нет свежих данных,"Проверить дымовые и тепловые каналы, связаться с объектом; при подтверждении действовать по регламенту пожарной безопасности.",6,0,18.0,0.0,,
2026-06-02,4765,access,Доступ,,Нет свежих данных,нет свежих данных,"Сверить режим охраны и доступ по СКУД, проверить соседние датчики и камеры.",6,1,30.0,9.0,,
2026-06-02,165,flood,Подтопление,,Нет свежих данных,нет свежих данных,"Проверить датчик затопления и насосы, оценить объект на месте.",2,0,6.0,0.0,,
2026-06-02,165,fire,Пожарная охрана,,Нет свежих данных,нет свежих данных,"Проверить дымовые и тепловые каналы, связаться с объектом; при подтверждении действовать по регламенту пожарной безопасности.",4,0,12.0,0.0,,
2026-06-04,5009,access,Доступ,,Нет свежих данных,нет свежих данных,"Сверить режим охраны и доступ по СКУД, проверить соседние датчики и камеры.",6,3,6.0,3.0,,
2026-06-05,4541,access,Доступ,,Нет свежих данных,нет свежих данных,"Сверить режим охраны и доступ по СКУД, проверить соседние датчики и камеры.",6,3,6.0,3.0,,
2026-06-05,4095,fire,Пожарная охрана,,Нет свежих данных,нет свежих данных,"Проверить дымовые и тепловые каналы, связаться с объектом; при подтверждении действовать по регламенту пожарной безопасности.",14,0,14.0,0.0,,
2026-06-05,4095,flood,Подтопление,,Нет свежих данных,нет свежих данных,"Проверить датчик затопления и насосы, оценить объект на месте.",6,1,6.0,1.0,,
2026-06-08,4648,fire,Пожарная охрана,,Нет свежих данных,нет свежих данных,"Проверить дымовые и тепловые каналы, связаться с объектом; при подтверждении действовать по регламенту пожарной безопасности.",3,0,3.0,0.0,,
2026-06-09,5011,gas,Газовая охрана,,Нет свежих данных,нет свежих данных,Проверить газовые каналы и организовать контрольный замер по регламенту.,218,109,254.0,127.0,,
2026-06-10,5582,flood,Подтопление,,Нет свежих данных,нет свежих данных,"Проверить датчик затопления и насосы, оценить объект на месте.",4,0,4.0,0.0,,
2026-06-10,5674,fire,Пожарная охрана,,Нет свежих данных,нет свежих данных,"Проверить дымовые и тепловые каналы, связаться с объектом; при подтверждении действовать по регламенту пожарной безопасности.",74,0,74.0,0.0,,
2026-06-10,5678,access,Доступ,,Нет свежих данных,нет свежих данных,"Сверить режим охраны и доступ по СКУД, проверить соседние датчики и камеры.",8,0,8.0,0.0,,
2026-06-10,5593,power,Электропитание,,Нет свежих данных,нет свежих данных,"Проверить питание и резервный источник, оформить осмотр.",5,0,5.0,0.0,9.0,9.0
2026-06-10,5593,access,Доступ,,Нет свежих данных,нет свежих данных,"Сверить режим охраны и доступ по СКУД, проверить соседние датчики и камеры.",4,0,4.0,0.0,,
2026-06-10,5583,fire,Пожарная охрана,,Нет свежих данных,нет свежих данных,"Проверить дымовые и тепловые каналы, связаться с объектом; при подтверждении действовать по регламенту пожарной безопасности.",8,0,8.0,0.0,,
2026-06-11,5966,access,Доступ,,Нет свежих данных,нет свежих данных,"Сверить режим охраны и доступ по СКУД, проверить соседние датчики и камеры.",10,2,10.0,2.0,,
2026-06-11,4543,ventilation,Вентиляция,,Нет свежих данных,нет свежих данных,Проверить работу вентиляции и питание.,10,0,20.0,0.0,,
2026-06-11,5961,flood,Подтопление,,Нет свежих данных,нет свежих данных,"Проверить датчик затопления и насосы, оценить объект на месте.",6,0,6.0,0.0,,
2026-06-11,5339,fire,Пожарная охрана,,Нет свежих данных,нет свежих данных,"Проверить дымовые и тепловые каналы, связаться с объектом; при подтверждении действовать по регламенту пожарной безопасности.",4,0,4.0,0.0,,
2026-06-11,5339,flood,Подтопление,,Нет свежих данных,нет свежих данных,"Проверить датчик затопления и насосы, оценить объект на месте.",2,0,2.0,0.0,,
2026-06-11,5963,gas,Газовая охрана,,Нет свежих данных,нет свежих данных,Проверить газовые каналы и организовать контрольный замер по регламенту.,67,0,67.0,0.0,0.0211111111111111,0.05
2026-06-11,5676,flood,Подтопление,,Нет свежих данных,нет свежих данных,"Проверить датчик затопления и насосы, оценить объект на месте.",2,1,6.0,1.0,,
2026-06-13,5591,gas,Газовая охрана,,Нет свежих данных,нет свежих данных,Проверить газовые каналы и организовать контрольный замер по регламенту.,2,0,203.0,0.0,0.005,0.01
2026-06-15,4768,access,Доступ,,Нет свежих данных,нет свежих данных,"Сверить режим охраны и доступ по СКУД, проверить соседние датчики и камеры.",2,0,2.0,0.0,,
2026-06-16,4177,ventilation,Вентиляция,,Нет свежих данных,нет свежих данных,Проверить работу вентиляции и питание.,4,0,12.0,0.0,,
2026-06-17,5574,power,Электропитание,,Нет свежих данных,нет свежих данных,"Проверить питание и резервный источник, оформить осмотр.",2,0,4.0,1.0,5.5,6.0
2026-06-17,5574,access,Доступ,,Нет свежих данных,нет свежих данных,"Сверить режим охраны и доступ по СКУД, проверить соседние датчики и камеры.",4,2,4.0,2.0,,
2026-06-19,4392,thermal,Температура,,Нет свежих данных,нет свежих данных,Проверить тренд температуры и соседние каналы.,1,0,2.0,0.0,28.0,28.0
2026-06-20,108,thermal,Температура,,Нет свежих данных,нет свежих данных,Проверить тренд температуры и соседние каналы.,1,0,1.0,0.0,29.0,29.0
2026-06-20,5113,fire,Пожарная охрана,,Нет свежих данных,нет свежих данных,"Проверить дымовые и тепловые каналы, связаться с объектом; при подтверждении действовать по регламенту пожарной безопасности.",2,1,2.0,1.0,,
2026-06-21,4763,access,Доступ,,Нет свежих данных,нет свежих данных,"Сверить режим охраны и доступ по СКУД, проверить соседние датчики и камеры.",6,3,6.0,3.0,,
2026-06-21,5966,power,Электропитание,,Нет свежих данных,нет свежих данных,"Проверить питание и резервный источник, оформить осмотр.",4,2,6.0,3.0,,
2026-06-21,4569,power,Электропитание,,Нет свежих данных,нет свежих данных,"Проверить питание и резервный источник, оформить осмотр.",4,2,30.0,15.0,,
2026-06-21,5539,fire,Пожарная охрана,,Нет свежих данных,нет свежих данных,"Проверить дымовые и тепловые каналы, связаться с объектом; при подтверждении действовать по регламенту пожарной безопасности.",2,0,2.0,0.0,,
2026-06-22,4541,power,Электропитание,,Нет свежих данных,нет свежих данных,"Проверить питание и резервный источник, оформить осмотр.",4,2,6.0,3.0,,
2026-06-22,4574,thermal,Температура,,Нет свежих данных,нет свежих данных,Проверить тренд температуры и соседние каналы.,10,0,12.0,0.0,,
2026-06-22,4574,fire,Пожарная охрана,,Нет свежих данных,нет свежих данных,"Проверить дымовые и тепловые каналы, связаться с объектом; при подтверждении действовать по регламенту пожарной безопасности.",30,6,30.0,6.0,,
2026-06-22,5114,power,Электропитание,,Нет свежих данных,нет свежих данных,"Проверить питание и резервный источник, оформить осмотр.",2,1,4.0,2.0,,
2026-06-22,4577,access,Доступ,,Нет свежих данных,нет свежих данных,"Сверить режим охраны и доступ по СКУД, проверить соседние датчики и камеры.",2,1,2.0,1.0,,
2026-06-23,5567,fire,Пожарная охрана,,Нет свежих данных,нет свежих данных,"Проверить дымовые и тепловые каналы, связаться с объектом; при подтверждении действовать по регламенту пожарной безопасности.",24,0,603.0,3.0,,
2026-06-23,4765,power,Электропитание,,Нет свежих данных,нет свежих данных,"Проверить питание и резервный источник, оформить осмотр.",16,8,22.0,11.0,,
2026-06-24,3250,access,Доступ,,Нет свежих данных,нет свежих данных,"Сверить режим охраны и доступ по СКУД, проверить соседние датчики и камеры.",6,1,6.0,1.0,,
2026-06-24,3216,fire,Пожарная охрана,,Нет свежих данных,нет свежих данных,"Проверить дымовые и тепловые каналы, связаться с объектом; при подтверждении действовать по регламенту пожарной безопасности.",4,0,4.0,0.0,,
2026-06-24,4391,fire,Пожарная охрана,,Нет свежих данных,нет свежих данных,"Проверить дымовые и тепловые каналы, связаться с объектом; при подтверждении действовать по регламенту пожарной безопасности.",2,0,3.0,0.0,,
2026-06-24,5218,ventilation,Вентиляция,,Нет свежих данных,нет свежих данных,Проверить работу вентиляции и питание.,2,0,38.0,12.0,,
2026-06-24,4370,fire,Пожарная охрана,,Нет свежих данных,нет свежих данных,"Проверить дымовые и тепловые каналы, связаться с объектом; при подтверждении действовать по регламенту пожарной безопасности.",20,4,20.0,4.0,,
2026-06-25,3903,power,Электропитание,,Нет свежих данных,нет свежих данных,"Проверить питание и резервный источник, оформить осмотр.",4,2,4.0,2.0,,
2026-06-25,5540,access,Доступ,,Нет свежих данных,нет свежих данных,"Сверить режим охраны и доступ по СКУД, проверить соседние датчики и камеры.",4,0,6.0,0.0,,
2026-06-25,4177,thermal,Температура,,Нет свежих данных,нет свежих данных,Проверить тренд температуры и соседние каналы.,1,0,1.0,0.0,23.0,23.0
2026-06-25,5540,power,Электропитание,,Нет свежих данных,нет свежих данных,"Проверить питание и резервный источник, оформить осмотр.",6,1,8.0,1.0,,
2026-06-25,4577,power,Электропитание,,Нет свежих данных,нет свежих данных,"Проверить питание и резервный источник, оформить осмотр.",2,1,8.0,4.0,,
2026-06-25,5537,fire,Пожарная охрана,,Нет свежих данных,нет свежих данных,"Проверить дымовые и тепловые каналы, связаться с объектом; при подтверждении действовать по регламенту пожарной безопасности.",104,52,256.0,52.0,,
2026-06-25,28,fire,Пожарная охрана,,Нет свежих данных,нет свежих данных,"Проверить дымовые и тепловые каналы, связаться с объектом; при подтверждении действовать по регламенту пожарной безопасности.",4,0,6.0,0.0,,
2026-06-26,111,ventilation,Вентиляция,,Нет свежих данных,нет свежих данных,Проверить работу вентиляции и питание.,34,0,178.0,0.0,,
2026-06-26,4177,pump,Насосы,,Нет свежих данных,нет свежих данных,Проверить режим насосов и показания затопления.,4,0,36.0,16.0,,
2026-06-26,5123,fire,Пожарная охрана,,Нет свежих данных,нет свежих данных,"Проверить дымовые и тепловые каналы, связаться с объектом; при подтверждении действовать по регламенту пожарной безопасности.",94,27,94.0,27.0,,
2026-06-26,5124,fire,Пожарная охрана,,Нет свежих данных,нет свежих данных,"Проверить дымовые и тепловые каналы, связаться с объектом; при подтверждении действовать по регламенту пожарной безопасности.",35,11,35.0,11.0,,
2026-06-26,5340,access,Доступ,,Нет свежих данных,нет свежих данных,"Сверить режим охраны и доступ по СКУД, проверить соседние датчики и камеры.",10,1,10.0,1.0,,
2026-06-28,42,flood,Подтопление,,Нет свежих данных,нет свежих данных,"Проверить датчик затопления и насосы, оценить объект на месте.",4,2,4.0,2.0,,
2026-06-28,5123,thermal,Температура,,Нет свежих данных,нет свежих данных,Проверить тренд температуры и соседние каналы.,1,0,58.0,0.0,21.0,21.0
2026-06-28,4767,power,Электропитание,,Нет свежих данных,нет свежих данных,"Проверить питание и резервный источник, оформить осмотр.",10,5,24.0,12.0,,
2026-06-28,4767,access,Доступ,,Нет свежих данных,нет свежих данных,"Сверить режим охраны и доступ по СКУД, проверить соседние датчики и камеры.",8,4,8.0,4.0,,
2026-06-28,5132,pump,Насосы,,Нет свежих данных,нет свежих данных,Проверить режим насосов и показания затопления.,45,18,53.0,18.0,,
2026-06-29,165,access,Доступ,,Нет свежих данных,нет свежих данных,"Сверить режим охраны и доступ по СКУД, проверить соседние датчики и камеры.",66,0,82.0,0.0,,
2026-06-29,4763,power,Электропитание,,Нет свежих данных,нет свежих данных,"Проверить питание и резервный источник, оформить осмотр.",10,5,10.0,5.0,,
2026-06-29,3903,access,Доступ,,Нет свежих данных,нет свежих данных,"Сверить режим охраны и доступ по СКУД, проверить соседние датчики и камеры.",4,2,4.0,2.0,,
2026-06-29,20,access,Доступ,,Нет свежих данных,нет свежих данных,"Сверить режим охраны и доступ по СКУД, проверить соседние датчики и камеры.",94,0,188.0,0.0,,
2026-06-29,5582,thermal,Температура,,Нет свежих данных,нет свежих данных,Проверить тренд температуры и соседние каналы.,1,0,1.0,0.0,13.0,13.0
2026-06-29,3902,ventilation,Вентиляция,,Нет свежих данных,нет свежих данных,Проверить работу вентиляции и питание.,36,18,959.0,464.0,,
2026-06-29,111,power,Электропитание,,Нет свежих данных,нет свежих данных,"Проверить питание и резервный источник, оформить осмотр.",54,0,76.0,0.0,,
2026-06-29,111,access,Доступ,,Нет свежих данных,нет свежих данных,"Сверить режим охраны и доступ по СКУД, проверить соседние датчики и камеры.",58,0,992.0,0.0,,
2026-06-29,111,utilities,Инженерные системы,,Нет свежих данных,нет свежих данных,Проверить инженерные подсистемы объекта.,22,0,168.0,0.0,,
